0,0
0.01,0.00014743
0.02,0.00076576
0.03,0.0019964
0.04,0.0037464
0.05,0.0059349
0.06,0.0085301
0.07,0.011514
0.08,0.014877
0.09,0.018623
0.1,0.022754
0.11,0.027272
0.12,0.03218
0.13,0.037482
0.14,0.043178
0.15,0.049268
0.16,0.055754
0.17,0.062635
0.18,0.06991
0.19,0.07758
0.2,0.085645
0.21,0.094104
0.22,0.10296
0.23,0.11221
0.24,0.12185
0.25,0.13189
0.26,0.14233
0.27,0.15316
0.28,0.16439
0.29,0.17602
0.3,0.18805
0.31,0.20047
0.32,0.2133
0.33,0.22654
0.34,0.24018
0.35,0.25422
0.36,0.26867
0.37,0.28353
0.38,0.2988
0.39,0.31449
0.4,0.33058
0.41,0.34709
0.42,0.36402
0.43,0.38136
0.44,0.39912
0.45,0.41731
0.46,0.43591
0.47,0.45494
0.48,0.4744
0.49,0.49427
0.5,0.51458
0.51,0.53532
0.52,0.55648
0.53,0.57808
0.54,0.6001
0.55,0.62255
0.56,0.64542
0.57,0.66873
0.58,0.69246
0.59,0.71662
0.6,0.7412
0.61,0.76622
0.62,0.79167
0.63,0.81755
0.64,0.84386
0.65,0.87061
0.66,0.89779
0.67,0.92541
0.68,0.95347
0.69,0.98197
0.7,1.0109
0.71,1.0403
0.72,1.0701
0.73,1.1004
0.74,1.1311
0.75,1.1622
0.76,1.1938
0.77,1.2259
0.78,1.2584
0.79,1.2913
0.8,1.3247
0.81,1.3585
0.82,1.3928
0.83,1.4275
0.84,1.4627
0.85,1.4984
0.86,1.5344
0.87,1.571
0.88,1.608
0.89,1.6454
0.9,1.6833
0.91,1.7217
0.92,1.7605
0.93,1.7998
0.94,1.8395
0.95,1.8797
0.96,1.9204
0.97,1.9615
0.98,2.0031
0.99,2.0451
1,2.0876
1.01,2.1306
1.02,2.174
1.03,2.2179
1.04,2.2623
1.05,2.3071
1.06,2.3524
1.07,2.3982
1.08,2.4444
1.09,2.4911
1.1,2.5383
1.11,2.5859
1.12,2.634
1.13,2.6826
1.14,2.7317
1.15,2.7812
1.16,2.8312
1.17,2.8817
1.18,2.9326
1.19,2.9841
1.2,3.036
1.21,3.0883
1.22,3.1412
1.23,3.1945
1.24,3.2483
1.25,3.3026
1.26,3.3574
1.27,3.4126
1.28,3.4683
1.29,3.5248
1.3,3.5817
1.31,3.6391
1.32,3.697
1.33,3.7553
1.34,3.8142
1.35,3.8735
1.36,3.9333
1.37,3.9936
1.38,4.0544
1.39,4.1156
1.4,4.1774
1.41,4.2396
1.42,4.3023
1.43,4.3655
1.44,4.4292
1.45,4.4933
1.46,4.558
1.47,4.6231
1.48,4.6888
1.49,4.7549
1.5,4.8214
1.51,4.8885
1.52,4.9561
1.53,5.0241
1.54,5.0927
1.55,5.1617
1.56,5.2312
1.57,5.3012
1.58,5.3717
1.59,5.4427
1.6,5.5141
1.61,5.5861
1.62,5.6585
1.63,5.7314
1.64,5.8048
1.65,5.8787
1.66,5.9531
1.67,6.028
1.68,6.1033
1.69,6.1792
1.7,6.2555
1.71,6.3323
1.72,6.4096
1.73,6.4874
1.74,6.5657
1.75,6.6444
1.76,6.7237
1.77,6.8034
1.78,6.8836
1.79,6.9643
1.8,7.0455
1.81,7.1272
1.82,7.2093
1.83,7.2919
1.84,7.3751
1.85,7.4587
1.86,7.5427
1.87,7.6273
1.88,7.7123
1.89,7.7979
1.9,7.8839
1.91,7.9703
1.92,8.0573
1.93,8.1447
1.94,8.2327
1.95,8.3211
1.96,8.4099
1.97,8.4993
1.98,8.5891
1.99,8.6794
2,8.7702
2.01,8.8614
2.02,8.9531
2.03,9.0453
2.04,9.138
2.05,9.2311
2.06,9.3247
2.07,9.4188
2.08,9.5133
2.09,9.6083
2.1,9.7038
2.11,9.7997
2.12,9.8961
2.13,9.9929
2.14,10.09
2.15,10.188
2.16,10.286
2.17,10.385
2.18,10.484
2.19,10.584
2.2,10.684
2.21,10.784
2.22,10.885
2.23,10.987
2.24,11.088
2.25,11.191
2.26,11.293
2.27,11.397
2.28,11.5
2.29,11.604
2.3,11.709
2.31,11.814
2.32,11.919
2.33,12.025
2.34,12.131
2.35,12.238
2.36,12.345
2.37,12.453
2.38,12.561
2.39,12.669
2.4,12.778
2.41,12.887
2.42,12.997
2.43,13.107
2.44,13.217
2.45,13.328
2.46,13.439
2.47,13.551
2.48,13.663
2.49,13.776
2.5,13.888
2.51,14.002
2.52,14.115
2.53,14.229
2.54,14.344
2.55,14.459
2.56,14.574
2.57,14.689
2.58,14.805
2.59,14.922
2.6,15.038
2.61,15.155
2.62,15.273
2.63,15.39
2.64,15.508
2.65,15.627
2.66,15.746
2.67,15.865
2.68,15.984
2.69,16.104
2.7,16.224
2.71,16.344
2.72,16.465
2.73,16.586
2.74,16.707
2.75,16.829
2.76,16.951
2.77,17.073
2.78,17.196
2.79,17.318
2.8,17.442
2.81,17.565
2.82,17.689
2.83,17.813
2.84,17.937
2.85,18.061
2.86,18.186
2.87,18.311
2.88,18.436
2.89,18.562
2.9,18.688
2.91,18.814
2.92,18.94
2.93,19.067
2.94,19.193
2.95,19.32
2.96,19.447
2.97,19.575
2.98,19.703
2.99,19.83
3,19.958
3.01,20.087
3.02,20.215
3.03,20.344
3.04,20.473
3.05,20.602
3.06,20.731
3.07,20.861
3.08,20.99
3.09,21.12
3.1,21.25
3.11,21.38
3.12,21.51
3.13,21.641
3.14,21.771
3.15,21.902
3.16,22.033
3.17,22.164
3.18,22.295
3.19,22.426
3.2,22.558
3.21,22.689
3.22,22.821
3.23,22.953
3.24,23.085
3.25,23.217
3.26,23.349
3.27,23.481
3.28,23.613
3.29,23.745
3.3,23.878
3.31,24.01
3.32,24.143
3.33,24.276
3.34,24.408
3.35,24.541
3.36,24.674
3.37,24.807
3.38,24.939
3.39,25.072
3.4,25.205
3.41,25.338
3.42,25.471
3.43,25.604
3.44,25.738
3.45,25.871
3.46,26.004
3.47,26.137
3.48,26.27
3.49,26.403
3.5,26.536
3.51,26.669
3.52,26.803
3.53,26.936
3.54,27.069
3.55,27.202
3.56,27.335
3.57,27.468
3.58,27.601
3.59,27.734
3.6,27.867
3.61,27.999
3.62,28.132
3.63,28.265
3.64,28.398
3.65,28.53
3.66,28.663
3.67,28.795
3.68,28.928
3.69,29.06
3.7,29.192
3.71,29.324
3.72,29.456
3.73,29.588
3.74,29.72
3.75,29.852
3.76,29.984
3.77,30.115
3.78,30.247
3.79,30.378
3.8,30.509
3.81,30.641
3.82,30.772
3.83,30.903
3.84,31.033
3.85,31.164
3.86,31.295
3.87,31.425
3.88,31.555
3.89,31.685
3.9,31.815
3.91,31.945
3.92,32.075
3.93,32.205
3.94,32.334
3.95,32.463
3.96,32.592
3.97,32.721
3.98,32.85
3.99,32.979
4,33.107
4.01,33.236
4.02,33.364
4.03,33.492
4.04,33.619
4.05,33.747
4.06,33.874
4.07,34.001
4.08,34.128
4.09,34.255
4.1,34.381
4.11,34.507
4.12,34.633
4.13,34.759
4.14,34.885
4.15,35.01
4.16,35.135
4.17,35.26
4.18,35.384
4.19,35.509
4.2,35.633
4.21,35.756
4.22,35.88
4.23,36.003
4.24,36.126
4.25,36.248
4.26,36.371
4.27,36.493
4.28,36.614
4.29,36.736
4.3,36.857
4.31,36.978
4.32,37.098
4.33,37.218
4.34,37.338
4.35,37.457
4.36,37.576
4.37,37.695
4.38,37.814
4.39,37.932
4.4,38.049
4.41,38.167
4.42,38.284
4.43,38.4
4.44,38.517
4.45,38.632
4.46,38.748
4.47,38.863
4.48,38.978
4.49,39.092
4.5,39.206
4.51,39.32
4.52,39.433
4.53,39.546
4.54,39.658
4.55,39.77
4.56,39.882
4.57,39.993
4.58,40.104
4.59,40.214
4.6,40.324
4.61,40.434
4.62,40.543
4.63,40.652
4.64,40.76
4.65,40.868
4.66,40.976
4.67,41.083
4.68,41.19
4.69,41.297
4.7,41.403
4.71,41.508
4.72,41.613
4.73,41.718
4.74,41.823
4.75,41.927
4.76,42.031
4.77,42.134
4.78,42.237
4.79,42.339
4.8,42.441
4.81,42.543
4.82,42.645
4.83,42.746
4.84,42.846
4.85,42.946
4.86,43.046
4.87,43.146
4.88,43.245
4.89,43.344
4.9,43.442
4.91,43.54
4.92,43.638
4.93,43.735
4.94,43.832
4.95,43.929
4.96,44.025
4.97,44.121
4.98,44.216
4.99,44.311
5,44.406
5.01,44.5
5.02,44.594
5.03,44.688
5.04,44.781
5.05,44.874
5.06,44.966
5.07,45.059
5.08,45.15
5.09,45.242
5.1,45.333
5.11,45.424
5.12,45.514
5.13,45.604
5.14,45.694
5.15,45.783
5.16,45.872
5.17,45.961
5.18,46.049
5.19,46.137
5.2,46.224
5.21,46.312
5.22,46.399
5.23,46.485
5.24,46.572
5.25,46.658
5.26,46.743
5.27,46.828
5.28,46.913
5.29,46.998
5.3,47.082
5.31,47.166
5.32,47.25
5.33,47.333
5.34,47.416
5.35,47.499
5.36,47.582
5.37,47.664
5.38,47.745
5.39,47.827
5.4,47.908
5.41,47.989
5.42,48.069
5.43,48.15
5.44,48.23
5.45,48.309
5.46,48.388
5.47,48.467
5.48,48.546
5.49,48.625
5.5,48.703
5.51,48.781
5.52,48.858
5.53,48.935
5.54,49.012
5.55,49.089
5.56,49.165
5.57,49.242
5.58,49.317
5.59,49.393
5.6,49.468
5.61,49.543
5.62,49.618
5.63,49.692
5.64,49.766
5.65,49.84
5.66,49.914
5.67,49.987
5.68,50.06
5.69,50.133
5.7,50.205
5.71,50.278
5.72,50.35
5.73,50.421
5.74,50.493
5.75,50.564
5.76,50.635
5.77,50.706
5.78,50.776
5.79,50.846
5.8,50.916
5.81,50.986
5.82,51.055
5.83,51.124
5.84,51.193
5.85,51.262
5.86,51.33
5.87,51.398
5.88,51.466
5.89,51.533
5.9,51.601
5.91,51.668
5.92,51.735
5.93,51.801
5.94,51.868
5.95,51.934
5.96,52
5.97,52.066
5.98,52.131
5.99,52.196
6,52.261
6.01,52.326
6.02,52.39
6.03,52.455
6.04,52.519
6.05,52.583
6.06,52.646
6.07,52.71
6.08,52.773
6.09,52.836
6.1,52.898
6.11,52.961
6.12,53.023
6.13,53.085
6.14,53.147
6.15,53.208
6.16,53.27
6.17,53.331
6.18,53.392
6.19,53.453
6.2,53.513
6.21,53.573
6.22,53.633
6.23,53.693
6.24,53.753
6.25,53.812
6.26,53.872
6.27,53.931
6.28,53.99
6.29,54.048
6.3,54.107
6.3101,54.165
6.3201,54.223
6.33,54.281
6.34,54.338
6.3501,54.396
6.3601,54.453
6.3701,54.51
6.3801,54.567
6.3901,54.623
6.4001,54.68
6.4101,54.736
6.4201,54.792
6.4301,54.848
6.4401,54.904
6.4501,54.959
6.4601,55.014
6.4701,55.069
6.4801,55.124
6.4901,55.179
6.5001,55.234
6.5101,55.288
6.5201,55.342
6.5301,55.396
6.5401,55.45
6.5501,55.503
6.5601,55.557
6.5701,55.61
6.5801,55.663
6.5901,55.716
6.6001,55.769
6.6101,55.821
6.6201,55.874
6.6301,55.926
6.6401,55.978
6.6501,56.03
6.6601,56.081
6.6701,56.133
6.6801,56.184
6.6901,56.235
6.7001,56.286
6.7101,56.337
6.7201,56.388
6.7301,56.438
6.7401,56.488
6.7501,56.538
6.7601,56.588
6.7701,56.638
6.7801,56.688
6.7901,56.737
6.8001,56.787
6.8101,56.836
6.8201,56.885
6.8301,56.933
6.8401,56.982
6.8501,57.031
6.8601,57.079
6.8701,57.127
6.8801,57.175
6.8901,57.223
6.9001,57.271
6.9101,57.318
6.9201,57.366
6.9301,57.413
6.9401,57.46
6.9501,57.507
6.9601,57.554
6.9701,57.6
6.9801,57.647
6.9901,57.693
7.0001,57.739
7.0101,57.785
7.0201,57.831
7.0301,57.877
7.0401,57.923
7.0501,57.968
7.0601,58.013
7.0701,58.059
7.0801,58.104
7.0901,58.148
7.1001,58.193
7.1101,58.238
7.1201,58.282
7.1301,58.326
7.1401,58.371
7.1501,58.415
7.1601,58.458
7.1701,58.502
7.1801,58.546
7.1901,58.589
7.2001,58.633
7.2101,58.676
7.2201,58.719
7.2301,58.762
7.2401,58.805
7.2501,58.847
7.2601,58.89
7.2701,58.932
7.2801,58.974
7.2901,59.017
7.3001,59.058
7.3101,59.1
7.3201,59.142
7.3301,59.184
7.3401,59.225
7.3501,59.266
7.3601,59.308
7.3701,59.349
7.3801,59.39
7.3901,59.431
7.4001,59.471
7.4101,59.512
7.4201,59.552
7.4301,59.593
7.4401,59.633
7.4501,59.673
7.4601,59.713
7.4701,59.753
7.4801,59.792
7.4901,59.832
7.5001,59.872
7.5101,59.911
7.5201,59.95
7.5301,59.989
7.5401,60.028
7.5501,60.067
7.5601,60.106
7.5701,60.145
7.5801,60.183
7.5901,60.221
7.6001,60.26
7.6101,60.298
7.6201,60.336
7.6301,60.374
7.6401,60.412
7.6501,60.45
7.6601,60.487
7.6701,60.525
7.6801,60.562
7.6901,60.599
7.7001,60.636
7.7101,60.673
7.7201,60.71
7.7301,60.747
7.7401,60.784
7.7501,60.821
7.7601,60.857
7.7701,60.894
7.7801,60.93
7.7901,60.966
7.8001,61.002
7.8101,61.038
7.8201,61.074
7.8301,61.11
7.8401,61.145
7.8501,61.181
7.8601,61.216
7.8701,61.252
7.8801,61.287
7.8901,61.322
7.9001,61.357
7.9101,61.392
7.9201,61.427
7.9301,61.462
7.9401,61.496
7.9501,61.531
7.9601,61.565
7.9701,61.599
7.9801,61.634
7.9901,61.668
8.0001,61.702
8.0101,61.736
8.0201,61.77
8.0301,61.803
8.0401,61.837
8.0501,61.87
8.0601,61.904
8.0701,61.937
8.0801,61.971
8.0901,62.004
8.1001,62.037
8.1101,62.07
8.1201,62.103
8.1301,62.135
8.1401,62.168
8.1501,62.201
8.1601,62.233
8.1701,62.266
8.1801,62.298
8.1901,62.33
8.2001,62.362
8.2101,62.394
8.2201,62.426
8.2301,62.458
8.2401,62.49
8.2501,62.522
8.2601,62.553
8.2701,62.585
8.2801,62.616
8.2901,62.647
8.3001,62.679
8.3101,62.71
8.3201,62.741
8.3301,62.772
8.3401,62.803
8.3501,62.834
8.3601,62.864
8.3701,62.895
8.3801,62.926
8.3901,62.956
8.4001,62.986
8.4101,63.017
8.4201,63.047
8.4301,63.077
8.4401,63.107
8.4501,63.137
8.4601,63.167
8.4701,63.197
8.4801,63.227
8.4901,63.256
8.5001,63.286
8.5101,63.315
8.5201,63.345
8.5301,63.374
8.5401,63.403
8.5501,63.432
8.5601,63.461
8.5701,63.49
8.5801,63.519
8.5901,63.548
8.6001,63.577
8.6101,63.606
8.6201,63.634
8.6301,63.663
8.6401,63.691
8.6501,63.72
8.6601,63.748
8.6701,63.776
8.6801,63.804
8.6901,63.832
8.7001,63.86
8.7101,63.888
8.7201,63.916
8.7301,63.944
8.7401,63.972
8.7501,63.999
8.7601,64.027
8.7701,64.054
8.7801,64.082
8.7901,64.109
8.8001,64.136
8.8101,64.164
8.8201,64.191
8.8301,64.218
8.8401,64.245
8.8501,64.272
8.8601,64.298
8.8701,64.325
8.8801,64.352
8.8901,64.379
8.9001,64.405
8.9101,64.432
8.9201,64.458
8.9301,64.484
8.9401,64.511
8.9501,64.537
8.9601,64.563
8.9701,64.589
8.9801,64.615
8.9901,64.641
9.0001,64.667
9.0101,64.693
9.0201,64.718
9.0301,64.744
9.0401,64.77
9.0501,64.795
9.0601,64.821
9.0701,64.846
9.0801,64.871
9.0901,64.897
9.1001,64.922
9.1101,64.947
9.1201,64.972
9.1301,64.997
9.1401,65.022
9.1501,65.047
9.1601,65.072
9.1701,65.097
9.1801,65.121
9.1901,65.146
9.2001,65.17
9.2101,65.195
9.2201,65.219
9.2301,65.244
9.2401,65.268
9.2501,65.292
9.2601,65.317
9.2701,65.341
9.2801,65.365
9.2901,65.389
9.3001,65.413
9.3101,65.437
9.3201,65.46
9.3301,65.484
9.3401,65.508
9.3501,65.532
9.3601,65.555
9.3701,65.579
9.3801,65.602
9.3901,65.626
9.4001,65.649
9.4101,65.672
9.4201,65.695
9.4301,65.719
9.4401,65.742
9.4501,65.765
9.4601,65.788
9.4701,65.811
9.4801,65.834
9.4901,65.857
9.5001,65.879
9.5101,65.902
9.5201,65.925
9.5301,65.947
9.5401,65.97
9.5501,65.992
9.5601,66.015
9.5701,66.037
9.5801,66.06
9.5901,66.082
9.6001,66.104
9.6101,66.126
9.6201,66.148
9.6301,66.17
9.6401,66.192
9.6501,66.214
9.6601,66.236
9.6701,66.258
9.6801,66.28
9.6901,66.302
9.7001,66.323
9.7101,66.345
9.7201,66.367
9.7301,66.388
9.7401,66.41
9.7501,66.431
9.7601,66.452
9.7701,66.474
9.7801,66.495
9.7901,66.516
9.8001,66.537
9.8101,66.559
9.8201,66.58
9.8301,66.601
9.8401,66.622
9.8501,66.642
9.8601,66.663
9.8701,66.684
9.8801,66.705
9.8901,66.726
9.9001,66.746
9.9101,66.767
9.9201,66.787
9.9301,66.808
9.9401,66.828
9.9501,66.849
9.9601,66.869
9.9701,66.89
9.9801,66.91
9.9901,66.93
10,66.95
10.01,66.97
10.02,66.991
10.03,67.011
10.04,67.031
10.05,67.05
10.06,67.07
10.07,67.09
10.08,67.11
10.09,67.13
10.1,67.149
10.11,67.169
10.12,67.189
10.13,67.208
10.14,67.228
10.15,67.247
10.16,67.267
10.17,67.286
10.18,67.306
10.19,67.325
10.2,67.344
10.21,67.363
10.22,67.382
10.23,67.402
10.24,67.421
10.25,67.44
10.26,67.459
10.27,67.478
10.28,67.497
10.29,67.515
10.3,67.534
10.31,67.553
10.32,67.572
10.33,67.59
10.34,67.609
10.35,67.628
10.36,67.646
10.37,67.665
10.38,67.683
10.39,67.702
10.4,67.72
10.41,67.738
10.42,67.757
10.43,67.775
10.44,67.793
10.45,67.811
10.46,67.829
10.47,67.847
10.48,67.866
10.49,67.884
10.5,67.901
10.51,67.919
10.52,67.937
10.53,67.955
10.54,67.973
10.55,67.991
10.56,68.008
10.57,68.026
10.58,68.044
10.59,68.061
10.6,68.079
10.61,68.097
10.62,68.114
10.63,68.131
10.64,68.149
10.65,68.166
10.66,68.184
10.67,68.201
10.68,68.218
10.69,68.235
10.7,68.253
10.71,68.27
10.72,68.287
10.73,68.304
10.74,68.321
10.75,68.338
10.76,68.355
10.77,68.372
10.78,68.389
10.79,68.405
10.8,68.422
10.81,68.439
10.82,68.456
10.83,68.472
10.84,68.489
10.85,68.506
10.86,68.522
10.87,68.539
10.88,68.555
10.89,68.572
10.9,68.588
10.91,68.605
10.92,68.621
10.93,68.637
10.94,68.654
10.95,68.67
10.96,68.686
10.97,68.702
10.98,68.718
10.99,68.734
11,68.751
11.01,68.767
11.02,68.783
11.03,68.799
11.04,68.815
11.05,68.83
11.06,68.846
11.07,68.862
11.08,68.878
11.09,68.894
11.1,68.909
11.11,68.925
11.12,68.941
11.13,68.956
11.14,68.972
11.15,68.988
11.16,69.003
11.17,69.019
11.18,69.034
11.19,69.05
11.2,69.065
11.21,69.08
11.22,69.096
11.23,69.111
11.24,69.126
11.25,69.141
11.26,69.157
11.27,69.172
11.28,69.187
11.29,69.202
11.3,69.217
11.31,69.232
11.32,69.247
11.33,69.262
11.34,69.277
11.35,69.292
11.36,69.307
11.37,69.322
11.38,69.336
11.39,69.351
11.4,69.366
11.41,69.381
11.42,69.395
11.43,69.41
11.44,69.425
11.45,69.439
11.46,69.454
11.47,69.468
11.48,69.483
11.49,69.497
11.5,69.512
11.51,69.526
11.52,69.541
11.53,69.555
11.54,69.569
11.55,69.584
11.56,69.598
11.57,69.612
11.58,69.626
11.59,69.641
11.6,69.655
11.61,69.669
11.62,69.683
11.63,69.697
11.64,69.711
11.65,69.725
11.66,69.739
11.67,69.753
11.68,69.767
11.69,69.781
11.7,69.795
11.71,69.808
11.72,69.822
11.73,69.836
11.74,69.85
11.75,69.863
11.76,69.877
11.77,69.891
11.78,69.904
11.79,69.918
11.8,69.932
11.81,69.945
11.82,69.959
11.83,69.972
11.84,69.986
11.85,69.999
11.86,70.012
11.87,70.026
11.88,70.039
11.89,70.052
11.9,70.066
11.91,70.079
11.92,70.092
11.93,70.105
11.94,70.119
11.95,70.132
11.96,70.145
11.97,70.158
11.98,70.171
11.99,70.184
12,70.197
12.01,70.21
12.02,70.223
12.03,70.236
12.04,70.249
12.05,70.262
12.06,70.275
12.07,70.288
12.08,70.3
12.09,70.313
12.1,70.326
12.11,70.339
12.12,70.351
12.13,70.364
12.14,70.377
12.15,70.389
12.16,70.402
12.17,70.415
12.18,70.427
12.19,70.44
12.2,70.452
12.21,70.465
12.22,70.477
12.23,70.49
12.24,70.502
12.25,70.514
12.26,70.527
12.27,70.539
12.28,70.551
12.29,70.564
12.3,70.576
12.31,70.588
12.32,70.6
12.33,70.613
12.34,70.625
12.35,70.637
12.36,70.649
12.37,70.661
12.38,70.673
12.39,70.685
12.4,70.697
12.41,70.709
12.42,70.721
12.43,70.733
12.44,70.745
12.45,70.757
12.46,70.769
12.47,70.781
12.48,70.793
12.49,70.804
12.5,70.816
12.51,70.828
12.52,70.84
12.53,70.852
12.54,70.863
12.55,70.875
12.56,70.887
12.57,70.898
12.58,70.91
12.59,70.921
12.6,70.933
12.61,70.944
12.62,70.956
12.63,70.967
12.64,70.979
12.65,70.99
12.66,71.002
12.67,71.013
12.68,71.025
12.69,71.036
12.7,71.047
12.71,71.059
12.72,71.07
12.73,71.081
12.74,71.092
12.75,71.104
12.76,71.115
12.77,71.126
12.78,71.137
12.79,71.148
12.8,71.159
12.81,71.171
12.82,71.182
12.83,71.193
12.84,71.204
12.85,71.215
12.86,71.226
12.87,71.237
12.88,71.248
12.89,71.259
12.9,71.269
12.91,71.28
12.92,71.291
12.93,71.302
12.94,71.313
12.95,71.324
12.96,71.334
12.97,71.345
12.98,71.356
12.99,71.367
13,71.377
13.01,71.388
13.02,71.399
13.03,71.409
13.04,71.42
13.05,71.431
13.06,71.441
13.07,71.452
13.08,71.462
13.09,71.473
13.1,71.483
13.11,71.494
13.12,71.504
13.13,71.515
13.14,71.525
13.15,71.535
13.16,71.546
13.17,71.556
13.18,71.566
13.19,71.577
13.2,71.587
13.21,71.597
13.22,71.608
13.23,71.618
13.24,71.628
13.25,71.638
13.26,71.648
13.27,71.659
13.28,71.669
13.29,71.679
13.3,71.689
13.31,71.699
13.32,71.709
13.33,71.719
13.34,71.729
13.35,71.739
13.36,71.749
13.37,71.759
13.38,71.769
13.39,71.779
13.4,71.789
13.41,71.799
13.42,71.809
13.43,71.819
13.44,71.828
13.45,71.838
13.46,71.848
13.47,71.858
13.48,71.868
13.49,71.877
13.5,71.887
13.51,71.897
13.52,71.907
13.53,71.916
13.54,71.926
13.55,71.936
13.56,71.945
13.57,71.955
13.58,71.964
13.59,71.974
13.6,71.983
13.61,71.993
13.62,72.003
13.63,72.012
13.64,72.022
13.65,72.031
13.66,72.04
13.67,72.05
13.68,72.059
13.69,72.069
13.7,72.078
13.71,72.087
13.72,72.097
13.73,72.106
13.74,72.115
13.75,72.125
13.76,72.134
13.77,72.143
13.78,72.152
13.79,72.162
13.8,72.171
13.81,72.18
13.82,72.189
13.83,72.198
13.84,72.208
13.85,72.217
13.86,72.226
13.87,72.235
13.88,72.244
13.89,72.253
13.9,72.262
13.91,72.271
13.92,72.28
13.93,72.289
13.94,72.298
13.95,72.307
13.96,72.316
13.97,72.325
13.98,72.334
13.99,72.343
14,72.352
14.01,72.36
14.02,72.369
14.03,72.378
14.04,72.387
14.05,72.396
14.06,72.404
14.07,72.413
14.08,72.422
14.09,72.431
14.1,72.439
14.11,72.448
14.12,72.457
14.13,72.465
14.14,72.474
14.15,72.483
14.16,72.491
14.17,72.5
14.18,72.509
14.19,72.517
14.2,72.526
14.21,72.534
14.22,72.543
14.23,72.551
14.24,72.56
14.25,72.568
14.26,72.577
14.27,72.585
14.28,72.594
14.29,72.602
14.3,72.61
14.31,72.619
14.32,72.627
14.33,72.636
14.34,72.644
14.35,72.652
14.36,72.661
14.37,72.669
14.38,72.677
14.39,72.685
14.4,72.694
14.41,72.702
14.42,72.71
14.43,72.718
14.44,72.727
14.45,72.735
14.46,72.743
14.47,72.751
14.48,72.759
14.49,72.767
14.5,72.775
14.51,72.783
14.52,72.792
14.53,72.8
14.54,72.808
14.55,72.816
14.56,72.824
14.57,72.832
14.58,72.84
14.59,72.848
14.6,72.856
14.61,72.864
14.62,72.872
14.63,72.88
14.64,72.887
14.65,72.895
14.66,72.903
14.67,72.911
14.68,72.919
14.69,72.927
14.7,72.935
14.71,72.942
14.72,72.95
14.73,72.958
14.74,72.966
14.75,72.973
14.76,72.981
14.77,72.989
14.78,72.997
14.79,73.004
14.8,73.012
14.81,73.02
14.82,73.027
14.83,73.035
14.84,73.043
14.85,73.05
14.86,73.058
14.87,73.065
14.88,73.073
14.89,73.081
14.9,73.088
14.91,73.096
14.92,73.103
14.93,73.111
14.94,73.118
14.95,73.126
14.96,73.133
14.97,73.141
14.98,73.148
14.99,73.156
15,73.163
15.01,73.17
15.02,73.178
15.03,73.185
15.04,73.193
15.05,73.2
15.06,73.207
15.07,73.215
15.08,73.222
15.09,73.229
15.1,73.236
15.11,73.244
15.12,73.251
15.13,73.258
15.14,73.265
15.15,73.273
15.16,73.28
15.17,73.287
15.18,73.294
15.19,73.301
15.2,73.309
15.21,73.316
15.22,73.323
15.23,73.33
15.24,73.337
15.25,73.344
15.26,73.351
15.27,73.358
15.28,73.366
15.29,73.373
15.3,73.38
15.31,73.387
15.32,73.394
15.33,73.401
15.34,73.408
15.35,73.415
15.36,73.422
15.37,73.429
15.38,73.435
15.39,73.442
15.4,73.449
15.41,73.456
15.42,73.463
15.43,73.47
15.44,73.477
15.45,73.484
15.46,73.491
15.47,73.497
15.48,73.504
15.49,73.511
15.5,73.518
15.51,73.525
15.52,73.531
15.53,73.538
15.54,73.545
15.55,73.552
15.56,73.558
15.57,73.565
15.58,73.572
15.59,73.579
15.6,73.585
15.61,73.592
15.62,73.599
15.63,73.605
15.64,73.612
15.65,73.618
15.66,73.625
15.67,73.632
15.68,73.638
15.69,73.645
15.7,73.651
15.71,73.658
15.72,73.664
15.73,73.671
15.74,73.678
15.75,73.684
15.76,73.691
15.77,73.697
15.78,73.703
15.79,73.71
15.8,73.716
15.81,73.723
15.82,73.729
15.83,73.736
15.84,73.742
15.85,73.749
15.86,73.755
15.87,73.761
15.88,73.768
15.89,73.774
15.9,73.78
15.91,73.787
15.92,73.793
15.93,73.799
15.94,73.806
15.95,73.812
15.96,73.818
15.97,73.824
15.98,73.831
15.99,73.837
16,73.843
16.01,73.849
16.02,73.856
16.03,73.862
16.04,73.868
16.05,73.874
16.06,73.88
16.07,73.887
16.08,73.893
16.09,73.899
16.1,73.905
16.11,73.911
16.12,73.917
16.13,73.923
16.14,73.929
16.15,73.935
16.16,73.941
16.17,73.948
16.18,73.954
16.19,73.96
16.2,73.966
16.21,73.972
16.22,73.978
16.23,73.984
16.24,73.99
16.25,73.996
16.26,74.002
16.27,74.008
16.28,74.013
16.29,74.019
16.3,74.025
16.31,74.031
16.32,74.037
16.33,74.043
16.34,74.049
16.35,74.055
16.36,74.061
16.37,74.066
16.38,74.072
16.39,74.078
16.4,74.084
16.41,74.09
16.42,74.096
16.43,74.101
16.44,74.107
16.45,74.113
16.46,74.119
16.47,74.124
16.48,74.13
16.49,74.136
16.5,74.142
16.51,74.147
16.52,74.153
16.53,74.159
16.54,74.164
16.55,74.17
16.56,74.176
16.57,74.181
16.58,74.187
16.59,74.193
16.6,74.198
16.61,74.204
16.62,74.209
16.63,74.215
16.64,74.221
16.65,74.226
16.66,74.232
16.67,74.237
16.68,74.243
16.69,74.248
16.7,74.254
16.71,74.26
16.72,74.265
16.73,74.271
16.74,74.276
16.75,74.281
16.76,74.287
16.77,74.292
16.78,74.298
16.79,74.303
16.8,74.309
16.81,74.314
16.82,74.32
16.83,74.325
16.84,74.33
16.85,74.336
16.86,74.341
16.87,74.347
16.88,74.352
16.89,74.357
16.9,74.363
16.91,74.368
16.92,74.373
16.93,74.379
16.94,74.384
16.95,74.389
16.96,74.394
16.97,74.4
16.98,74.405
16.99,74.41
17,74.416
17.01,74.421
17.02,74.426
17.03,74.431
17.04,74.436
17.05,74.442
17.06,74.447
17.07,74.452
17.08,74.457
17.09,74.462
17.1,74.468
17.11,74.473
17.12,74.478
17.13,74.483
17.14,74.488
17.15,74.493
17.16,74.498
17.17,74.503
17.18,74.509
17.19,74.514
17.2,74.519
17.21,74.524
17.22,74.529
17.23,74.534
17.24,74.539
17.25,74.544
17.26,74.549
17.27,74.554
17.28,74.559
17.29,74.564
17.3,74.569
17.31,74.574
17.32,74.579
17.33,74.584
17.34,74.589
17.35,74.594
17.36,74.599
17.37,74.604
17.38,74.609
17.39,74.613
17.4,74.618
17.41,74.623
17.42,74.628
17.43,74.633
17.44,74.638
17.45,74.643
17.46,74.648
17.47,74.652
17.48,74.657
17.49,74.662
17.5,74.667
17.51,74.672
17.52,74.677
17.53,74.681
17.54,74.686
17.55,74.691
17.56,74.696
17.57,74.7
17.58,74.705
17.59,74.71
17.6,74.715
17.61,74.719
17.62,74.724
17.63,74.729
17.64,74.734
17.65,74.738
17.66,74.743
17.67,74.748
17.68,74.752
17.69,74.757
17.7,74.762
17.71,74.766
17.72,74.771
17.73,74.776
17.74,74.78
17.75,74.785
17.76,74.789
17.77,74.794
17.78,74.799
17.79,74.803
17.8,74.808
17.81,74.812
17.82,74.817
17.83,74.821
17.84,74.826
17.85,74.831
17.86,74.835
17.87,74.84
17.88,74.844
17.89,74.849
17.9,74.853
17.91,74.858
17.92,74.862
17.93,74.867
17.94,74.871
17.95,74.875
17.96,74.88
17.97,74.884
17.98,74.889
17.99,74.893
18,74.898
18.01,74.902
18.02,74.906
18.03,74.911
18.04,74.915
18.05,74.92
18.06,74.924
18.07,74.928
18.08,74.933
18.09,74.937
18.1,74.941
18.11,74.946
18.12,74.95
18.13,74.954
18.14,74.959
18.15,74.963
18.16,74.967
18.17,74.972
18.18,74.976
18.19,74.98
18.2,74.985
18.21,74.989
18.22,74.993
18.23,74.997
18.24,75.002
18.25,75.006
18.26,75.01
18.27,75.014
18.28,75.018
18.29,75.023
18.3,75.027
18.31,75.031
18.32,75.035
18.33,75.039
18.34,75.044
18.35,75.048
18.36,75.052
18.37,75.056
18.38,75.06
18.39,75.064
18.4,75.068
18.41,75.073
18.42,75.077
18.43,75.081
18.44,75.085
18.45,75.089
18.46,75.093
18.47,75.097
18.48,75.101
18.49,75.105
18.5,75.109
18.51,75.113
18.52,75.117
18.53,75.121
18.54,75.125
18.55,75.129
18.56,75.133
18.57,75.137
18.58,75.141
18.59,75.145
18.6,75.149
18.61,75.153
18.62,75.157
18.63,75.161
18.64,75.165
18.65,75.169
18.66,75.173
18.67,75.177
18.68,75.181
18.69,75.185
18.7,75.189
18.71,75.193
18.72,75.197
18.73,75.201
18.74,75.204
18.75,75.208
18.76,75.212
18.77,75.216
18.78,75.22
18.79,75.224
18.8,75.228
18.81,75.231
18.82,75.235
18.83,75.239
18.84,75.243
18.85,75.247
18.86,75.251
18.87,75.254
18.88,75.258
18.89,75.262
18.9,75.266
18.91,75.269
18.92,75.273
18.93,75.277
18.94,75.281
18.95,75.284
18.96,75.288
18.97,75.292
18.98,75.296
18.99,75.299
19,75.303
19.01,75.307
19.02,75.31
19.03,75.314
19.04,75.318
19.05,75.322
19.06,75.325
19.07,75.329
19.08,75.333
19.09,75.336
19.1,75.34
19.11,75.343
19.12,75.347
19.13,75.351
19.14,75.354
19.15,75.358
19.16,75.362
19.17,75.365
19.18,75.369
19.19,75.372
19.2,75.376
19.21,75.38
19.22,75.383
19.23,75.387
19.24,75.39
19.25,75.394
19.26,75.397
19.27,75.401
19.28,75.404
19.29,75.408
19.3,75.411
19.31,75.415
19.32,75.418
19.33,75.422
19.34,75.425
19.35,75.429
19.36,75.432
19.37,75.436
19.38,75.439
19.39,75.443
19.4,75.446
19.41,75.45
19.42,75.453
19.43,75.457
19.44,75.46
19.45,75.463
19.46,75.467
19.47,75.47
19.48,75.474
19.49,75.477
19.5,75.48
19.51,75.484
19.52,75.487
19.53,75.491
19.54,75.494
19.55,75.497
19.56,75.501
19.57,75.504
19.58,75.507
19.59,75.511
19.6,75.514
19.61,75.517
19.62,75.521
19.63,75.524
19.64,75.527
19.65,75.531
19.66,75.534
19.67,75.537
19.68,75.54
19.69,75.544
19.7,75.547
19.71,75.55
19.72,75.553
19.73,75.557
19.74,75.56
19.75,75.563
19.76,75.566
19.77,75.57
19.78,75.573
19.79,75.576
19.8,75.579
19.81,75.583
19.82,75.586
19.83,75.589
19.84,75.592
19.85,75.595
19.86,75.598
19.87,75.602
19.88,75.605
19.89,75.608
19.9,75.611
19.91,75.614
19.92,75.617
19.93,75.621
19.94,75.624
19.95,75.627
19.96,75.63
19.97,75.633
19.98,75.636
19.99,75.639
20,75.642
20.01,75.645
20.02,75.648
20.03,75.652
20.04,75.655
20.05,75.658
20.06,75.661
20.07,75.664
20.08,75.667
20.09,75.67
20.1,75.673
20.11,75.676
20.12,75.679
20.13,75.682
20.14,75.685
20.15,75.688
20.16,75.691
20.17,75.694
20.18,75.697
20.19,75.7
20.2,75.703
20.21,75.706
20.22,75.709
20.23,75.712
20.24,75.715
20.25,75.718
20.26,75.721
20.27,75.724
20.28,75.727
20.29,75.729
20.3,75.732
20.31,75.735
20.32,75.738
20.33,75.741
20.34,75.744
20.35,75.747
20.36,75.75
20.37,75.753
20.38,75.756
20.39,75.758
20.4,75.761
20.41,75.764
20.42,75.767
20.43,75.77
20.44,75.773
20.45,75.775
20.46,75.778
20.47,75.781
20.48,75.784
20.49,75.787
20.5,75.79
20.51,75.792
20.52,75.795
20.53,75.798
20.54,75.801
20.55,75.804
20.56,75.806
20.57,75.809
20.58,75.812
20.59,75.815
20.6,75.817
20.61,75.82
20.62,75.823
20.63,75.826
20.64,75.828
20.65,75.831
20.66,75.834
20.67,75.837
20.68,75.839
20.69,75.842
20.7,75.845
20.71,75.847
20.72,75.85
20.73,75.853
20.74,75.855
20.75,75.858
20.76,75.861
20.77,75.863
20.78,75.866
20.79,75.869
20.8,75.871
20.81,75.874
20.82,75.877
20.83,75.879
20.84,75.882
20.85,75.885
20.86,75.887
20.87,75.89
20.88,75.892
20.89,75.895
20.9,75.898
20.91,75.9
20.92,75.903
20.93,75.905
20.94,75.908
20.95,75.911
20.96,75.913
20.97,75.916
20.98,75.918
20.99,75.921
21,75.923
21.01,75.926
21.02,75.928
21.03,75.931
21.04,75.933
21.05,75.936
21.06,75.938
21.07,75.941
21.08,75.943
21.09,75.946
21.1,75.948
21.11,75.951
21.12,75.953
21.13,75.956
21.14,75.958
21.15,75.961
21.16,75.963
21.17,75.966
21.18,75.968
21.19,75.971
21.2,75.973
21.21,75.976
21.22,75.978
21.23,75.98
21.24,75.983
21.25,75.985
21.26,75.988
21.27,75.99
21.28,75.992
21.29,75.995
21.3,75.997
21.31,76
21.32,76.002
21.33,76.004
21.34,76.007
21.35,76.009
21.36,76.011
21.37,76.014
21.38,76.016
21.39,76.019
21.4,76.021
21.41,76.023
21.42,76.026
21.43,76.028
21.44,76.03
21.45,76.032
21.46,76.035
21.47,76.037
21.48,76.039
21.49,76.042
21.5,76.044
21.51,76.046
21.52,76.049
21.53,76.051
21.54,76.053
21.55,76.055
21.56,76.058
21.57,76.06
21.58,76.062
21.59,76.064
21.6,76.067
21.61,76.069
21.62,76.071
21.63,76.073
21.64,76.076
21.65,76.078
21.66,76.08
21.67,76.082
21.68,76.084
21.69,76.087
21.7,76.089
21.71,76.091
21.72,76.093
21.73,76.095
21.74,76.098
21.75,76.1
21.76,76.102
21.77,76.104
21.78,76.106
21.79,76.108
21.8,76.11
21.81,76.113
21.82,76.115
21.83,76.117
21.84,76.119
21.85,76.121
21.86,76.123
21.87,76.125
21.88,76.127
21.89,76.13
21.9,76.132
21.91,76.134
21.92,76.136
21.93,76.138
21.94,76.14
21.95,76.142
21.96,76.144
21.97,76.146
21.98,76.148
21.99,76.15
22,76.152
22.01,76.154
22.02,76.157
22.03,76.159
22.04,76.161
22.05,76.163
22.06,76.165
22.07,76.167
22.08,76.169
22.09,76.171
22.1,76.173
22.11,76.175
22.12,76.177
22.13,76.179
22.14,76.181
22.15,76.183
22.16,76.185
22.17,76.187
22.18,76.189
22.19,76.191
22.2,76.192
22.21,76.194
22.22,76.196
22.23,76.198
22.24,76.2
22.25,76.202
22.26,76.204
22.27,76.206
22.28,76.208
22.29,76.21
22.3,76.212
22.31,76.214
22.32,76.216
22.33,76.218
22.34,76.219
22.35,76.221
22.36,76.223
22.37,76.225
22.38,76.227
22.39,76.229
22.4,76.231
22.41,76.233
22.42,76.234
22.43,76.236
22.44,76.238
22.45,76.24
22.46,76.242
22.47,76.244
22.48,76.245
22.49,76.247
22.5,76.249
22.51,76.251
22.52,76.253
22.53,76.255
22.54,76.256
22.55,76.258
22.56,76.26
22.57,76.262
22.58,76.264
22.59,76.265
22.6,76.267
22.61,76.269
22.62,76.271
22.63,76.272
22.64,76.274
22.65,76.276
22.66,76.278
22.67,76.279
22.68,76.281
22.69,76.283
22.7,76.285
22.71,76.286
22.72,76.288
22.73,76.29
22.74,76.292
22.75,76.293
22.76,76.295
22.77,76.297
22.78,76.298
22.79,76.3
22.8,76.302
22.81,76.303
22.82,76.305
22.83,76.307
22.84,76.308
22.85,76.31
22.86,76.312
22.87,76.313
22.88,76.315
22.89,76.317
22.9,76.318
22.91,76.32
22.92,76.322
22.93,76.323
22.94,76.325
22.95,76.327
22.96,76.328
22.97,76.33
22.98,76.331
22.99,76.333
23,76.335
23.01,76.336
23.02,76.338
23.03,76.339
23.04,76.341
23.05,76.343
23.06,76.344
23.07,76.346
23.08,76.347
23.09,76.349
23.1,76.35
23.11,76.352
23.12,76.353
23.13,76.355
23.14,76.357
23.15,76.358
23.16,76.36
23.17,76.361
23.18,76.363
23.19,76.364
23.2,76.366
23.21,76.367
23.22,76.369
23.23,76.37
23.24,76.372
23.25,76.373
23.26,76.375
23.27,76.376
23.28,76.378
23.29,76.379
23.3,76.381
23.31,76.382
23.32,76.384
23.33,76.385
23.34,76.386
23.35,76.388
23.36,76.389
23.37,76.391
23.38,76.392
23.39,76.394
23.4,76.395
23.41,76.397
23.42,76.398
23.43,76.399
23.44,76.401
23.45,76.402
23.46,76.404
23.47,76.405
23.48,76.406
23.49,76.408
23.5,76.409
23.51,76.411
23.52,76.412
23.53,76.413
23.54,76.415
23.55,76.416
23.56,76.417
23.57,76.419
23.58,76.42
23.59,76.422
23.6,76.423
23.61,76.424
23.62,76.426
23.63,76.427
23.64,76.428
23.65,76.43
23.66,76.431
23.67,76.432
23.68,76.434
23.69,76.435
23.7,76.436
23.71,76.437
23.72,76.439
23.73,76.44
23.74,76.441
23.75,76.443
23.76,76.444
23.77,76.445
23.78,76.446
23.79,76.448
23.8,76.449
23.81,76.45
23.82,76.452
23.83,76.453
23.84,76.454
23.85,76.455
23.86,76.457
23.87,76.458
23.88,76.459
23.89,76.46
23.9,76.461
23.91,76.463
23.92,76.464
23.93,76.465
23.94,76.466
23.95,76.467
23.96,76.469
23.97,76.47
23.98,76.471
23.99,76.472
24,76.473
24.01,76.475
24.02,76.476
24.03,76.477
24.04,76.478
24.05,76.479
24.06,76.48
24.07,76.482
24.08,76.483
24.09,76.484
24.1,76.485
24.11,76.486
24.12,76.487
24.13,76.488
24.14,76.49
24.15,76.491
24.16,76.492
24.17,76.493
24.18,76.494
24.19,76.495
24.2,76.496
24.21,76.497
24.22,76.498
24.23,76.5
24.24,76.501
24.25,76.502
24.26,76.503
24.27,76.504
24.28,76.505
24.29,76.506
24.3,76.507
24.31,76.508
24.32,76.509
24.33,76.51
24.34,76.511
24.35,76.512
24.36,76.513
24.37,76.514
24.38,76.515
24.39,76.517
24.4,76.518
24.41,76.519
24.42,76.52
24.43,76.521
24.44,76.522
24.45,76.523
24.46,76.524
24.47,76.525
24.48,76.526
24.49,76.527
24.5,76.528
24.51,76.529
24.52,76.53
24.53,76.531
24.54,76.531
24.55,76.532
24.56,76.533
24.57,76.534
24.58,76.535
24.59,76.536
24.6,76.537
24.61,76.538
24.62,76.539
24.63,76.54
24.64,76.541
24.65,76.542
24.66,76.543
24.67,76.544
24.68,76.545
24.69,76.546
24.7,76.546
24.71,76.547
24.72,76.548
24.73,76.549
24.74,76.55
24.75,76.551
24.76,76.552
24.77,76.553
24.78,76.554
24.79,76.554
24.8,76.555
24.81,76.556
24.82,76.557
24.83,76.558
24.84,76.559
24.85,76.56
24.86,76.56
24.87,76.561
24.88,76.562
24.89,76.563
24.9,76.564
24.91,76.565
24.92,76.565
24.93,76.566
24.94,76.567
24.95,76.568
24.96,76.569
24.97,76.569
24.98,76.57
24.99,76.571
25,76.572
25.01,76.573
25.02,76.573
25.03,76.574
25.04,76.575
25.05,76.576
25.06,76.577
25.07,76.577
25.08,76.578
25.09,76.579
25.1,76.58
25.11,76.58
25.12,76.581
25.13,76.582
25.14,76.583
25.15,76.583
25.16,76.584
25.17,76.585
25.18,76.585
25.19,76.586
25.2,76.587
25.21,76.588
25.22,76.588
25.23,76.589
25.24,76.59
25.25,76.59
25.26,76.591
25.27,76.592
25.28,76.592
25.29,76.593
25.3,76.594
25.31,76.594
25.32,76.595
25.33,76.596
25.34,76.596
25.35,76.597
25.36,76.598
25.37,76.598
25.38,76.599
25.39,76.6
25.4,76.6
25.41,76.601
25.42,76.602
25.43,76.602
25.44,76.603
25.45,76.604
25.46,76.604
25.47,76.605
25.48,76.605
25.49,76.606
25.5,76.607
25.51,76.607
25.52,76.608
25.53,76.608
25.54,76.609
25.55,76.609
25.56,76.61
25.57,76.611
25.58,76.611
25.59,76.612
25.6,76.612
25.61,76.613
25.62,76.613
25.63,76.614
25.64,76.615
25.65,76.615
25.66,76.616
25.67,76.616
25.68,76.617
25.69,76.617
25.7,76.618
25.71,76.618
25.72,76.619
25.73,76.619
25.74,76.62
25.75,76.62
25.76,76.621
25.77,76.621
25.78,76.622
25.79,76.622
25.8,76.623
25.811,76.623
25.82,76.624
25.831,76.624
25.84,76.625
25.851,76.625
25.86,76.626
25.87,76.626
25.881,76.627
25.89,76.627
25.901,76.627
25.91,76.628
25.921,76.628
25.93,76.629
25.941,76.629
25.951,76.63
25.96,76.63
25.971,76.631
25.98,76.631
25.991,76.631
26,76.632
26.011,76.632
26.02,76.633
26.03,76.633
26.041,76.633
26.05,76.634
26.061,76.634
26.07,76.635
26.081,76.635
26.09,76.635
26.101,76.636
26.11,76.636
26.12,76.636
26.131,76.637
26.14,76.637
26.151,76.638
26.16,76.638
26.171,76.638
26.18,76.639
26.191,76.639
26.201,76.639
26.21,76.64
26.221,76.64
26.23,76.64
26.241,76.641
26.251,76.641
26.261,76.641
26.271,76.642
26.281,76.642
26.291,76.642
26.301,76.643
26.311,76.643
26.321,76.643
26.331,76.643
26.341,76.644
26.351,76.644
26.361,76.644
26.371,76.645
26.381,76.645
26.391,76.645
26.401,76.645
26.411,76.646
26.421,76.646
26.431,76.646
26.441,76.646
26.451,76.647
26.461,76.647
26.471,76.647
26.481,76.647
26.491,76.648
26.501,76.648
26.511,76.648
26.521,76.648
26.531,76.648
26.541,76.649
26.551,76.649
26.561,76.649
26.571,76.649
26.581,76.65
26.591,76.65
26.601,76.65
26.611,76.65
26.621,76.65
26.631,76.65
26.641,76.651
26.651,76.651
26.661,76.651
26.671,76.651
26.681,76.651
26.691,76.651
26.701,76.652
26.711,76.652
26.721,76.652
26.731,76.652
26.741,76.652
26.751,76.652
26.761,76.652
26.771,76.653
26.781,76.653
26.791,76.653
26.801,76.653
26.811,76.653
26.821,76.653
26.831,76.653
26.841,76.653
26.851,76.654
26.861,76.654
26.871,76.654
26.881,76.654
26.891,76.654
26.901,76.654
26.911,76.654
26.921,76.654
26.931,76.654
26.941,76.654
26.951,76.654
26.961,76.654
26.971,76.654
26.981,76.655
26.991,76.655
27.001,76.655
27.011,76.655
27.021,76.655
27.031,76.655
27.041,76.655
27.051,76.655
27.061,76.655
27.071,76.655
27.081,76.655
27.091,76.655
27.101,76.655
27.111,76.655
27.121,76.655
27.131,76.655
27.141,76.655
27.241,76.655
27.341,76.654
27.441,76.653
27.541,76.651
27.641,76.649
27.741,76.647
27.841,76.644
27.941,76.641
28.041,76.638
28.141,76.634
28.241,76.63
28.341,76.626
28.441,76.621
28.541,76.616
28.641,76.611
28.741,76.606
28.841,76.6
28.941,76.593
29.041,76.587
29.141,76.58
29.241,76.573
29.341,76.566
29.441,76.558
29.541,76.551
29.641,76.542
29.741,76.534
29.841,76.526
29.941,76.517
30.041,76.508
30.141,76.499
30.241,76.49
30.341,76.48
30.441,76.471
30.541,76.461
30.641,76.451
30.741,76.441
30.841,76.431
30.941,76.42
31.041,76.41
31.141,76.399
31.241,76.389
31.341,76.378
31.441,76.367
31.541,76.356
31.641,76.344
31.741,76.333
31.841,76.322
31.941,76.31
32.041,76.298
32.141,76.287
32.241,76.275
32.341,76.263
32.441,76.251
32.541,76.239
32.641,76.227
32.741,76.215
32.841,76.203
32.941,76.191
33.041,76.178
33.141,76.166
33.241,76.154
33.341,76.141
33.441,76.129
33.541,76.116
33.641,76.104
33.741,76.091
33.841,76.078
33.941,76.065
34.041,76.053
34.141,76.04
34.241,76.027
34.341,76.014
34.441,76.001
34.541,75.988
34.641,75.975
34.74,75.962
34.84,75.949
34.941,75.936
35.041,75.923
35.141,75.909
35.24,75.896
35.34,75.883
35.44,75.87
35.54,75.856
35.64,75.843
35.74,75.83
35.84,75.816
35.94,75.803
36.04,75.789
36.14,75.776
36.24,75.762
36.34,75.749
36.44,75.735
36.54,75.721
36.64,75.708
36.74,75.694
36.84,75.68
36.94,75.667
37.04,75.653
37.14,75.639
37.24,75.625
37.34,75.612
37.44,75.598
37.54,75.584
37.64,75.57
37.74,75.556
37.84,75.542
37.94,75.528
38.04,75.514
38.14,75.5
38.24,75.486
38.34,75.472
38.44,75.458
38.54,75.443
38.64,75.429
38.74,75.415
38.84,75.401
38.94,75.387
39.04,75.372
39.14,75.358
39.24,75.344
39.34,75.329
39.44,75.315
39.54,75.301
39.64,75.286
39.74,75.272
39.84,75.257
39.94,75.243
40.04,75.228
40.14,75.214
40.24,75.199
40.34,75.184
40.44,75.17
40.54,75.155
40.64,75.14
40.74,75.126
40.84,75.111
40.94,75.096
41.04,75.081
41.14,75.067
41.24,75.052
41.34,75.037
41.44,75.022
41.54,75.007
41.64,74.992
41.74,74.977
41.84,74.962
41.94,74.947
42.04,74.932
42.14,74.917
42.24,74.902
42.34,74.887
42.44,74.871
42.54,74.856
42.64,74.841
42.74,74.826
42.84,74.81
42.94,74.795
43.04,74.78
43.14,74.764
43.24,74.749
43.34,74.734
43.44,74.718
43.54,74.703
43.64,74.687
43.74,74.672
43.84,74.656
43.94,74.641
44.04,74.625
44.14,74.609
44.24,74.594
44.34,74.578
44.44,74.562
44.54,74.546
44.64,74.531
44.74,74.515
44.84,74.499
44.94,74.483
45.04,74.467
45.14,74.451
45.24,74.435
45.34,74.419
45.44,74.403
45.54,74.387
45.64,74.371
45.74,74.355
45.84,74.339
45.94,74.323
46.04,74.306
46.14,74.29
46.24,74.274
46.34,74.258
46.44,74.241
46.54,74.225
46.64,74.208
46.74,74.192
46.84,74.175
46.94,74.159
47.04,74.142
47.14,74.126
47.24,74.109
47.34,74.093
47.44,74.076
47.54,74.059
47.64,74.042
47.74,74.026
47.84,74.009
47.94,73.992
48.04,73.975
48.14,73.958
48.24,73.941
48.34,73.924
48.44,73.907
48.54,73.89
48.64,73.873
48.74,73.856
48.84,73.839
48.94,73.822
49.04,73.805
49.14,73.787
49.24,73.77
49.34,73.753
49.44,73.736
49.54,73.718
49.64,73.701
49.74,73.683
49.84,73.666
49.94,73.648
50.04,73.631
50.14,73.613
50.24,73.596
50.34,73.578
50.44,73.561
50.54,73.543
50.64,73.525
50.74,73.507
50.84,73.49
50.94,73.472
51.04,73.454
51.14,73.436
51.24,73.418
51.34,73.4
51.44,73.382
51.54,73.364
51.64,73.346
51.74,73.328
51.84,73.31
51.94,73.292
52.04,73.273
52.14,73.255
52.24,73.237
52.34,73.219
52.44,73.2
52.54,73.182
52.64,73.164
52.74,73.145
52.84,73.127
52.94,73.108
53.04,73.09
53.14,73.071
53.24,73.052
53.34,73.034
53.44,73.015
53.54,72.996
53.64,72.977
53.74,72.959
53.84,72.94
53.94,72.921
54.04,72.902
54.14,72.883
54.24,72.864
54.34,72.845
54.44,72.826
54.54,72.807
54.64,72.788
54.74,72.769
54.84,72.749
54.94,72.73
55.04,72.711
55.14,72.691
55.24,72.672
55.34,72.653
55.44,72.633
55.54,72.614
55.64,72.594
55.74,72.575
55.84,72.555
55.94,72.535
56.04,72.516
56.14,72.496
56.24,72.476
56.34,72.457
56.44,72.437
56.54,72.417
56.64,72.397
56.74,72.377
56.84,72.357
56.94,72.337
57.04,72.317
57.14,72.297
57.24,72.277
57.34,72.256
57.44,72.236
57.54,72.216
57.64,72.196
57.74,72.175
57.84,72.155
57.94,72.134
58.04,72.114
58.14,72.093
58.24,72.073
58.34,72.052
58.44,72.032
58.54,72.011
58.64,71.99
58.74,71.969
58.84,71.949
58.94,71.928
59.04,71.907
59.14,71.886
59.24,71.865
59.34,71.844
59.44,71.823
59.54,71.802
59.64,71.781
59.74,71.759
59.84,71.738
59.94,71.717
60.04,71.696
60.14,71.674
60.24,71.653
60.34,71.631
60.44,71.61
60.54,71.588
60.64,71.567
60.74,71.545
60.84,71.523
60.94,71.502
61.04,71.48
61.14,71.458
61.24,71.436
61.34,71.414
61.44,71.392
61.54,71.37
61.64,71.348
61.74,71.326
61.84,71.304
61.94,71.282
62.04,71.26
62.14,71.237
62.24,71.215
62.34,71.193
62.44,71.17
62.54,71.148
62.64,71.125
62.74,71.103
62.84,71.08
62.94,71.058
63.04,71.035
63.14,71.012
63.24,70.989
63.34,70.966
63.44,70.944
63.54,70.921
63.64,70.898
63.74,70.875
63.84,70.851
63.94,70.828
64.04,70.805
64.14,70.782
64.24,70.759
64.34,70.735
64.44,70.712
64.54,70.688
64.64,70.665
64.74,70.641
64.84,70.618
64.94,70.594
65.04,70.571
65.14,70.547
65.24,70.523
65.34,70.499
65.44,70.475
65.54,70.451
65.64,70.427
65.74,70.403
65.84,70.379
65.94,70.355
66.04,70.331
66.14,70.307
66.24,70.282
66.34,70.258
66.44,70.233
66.54,70.209
66.64,70.184
66.74,70.16
66.84,70.135
66.94,70.11
67.04,70.086
67.14,70.061
67.24,70.036
67.34,70.011
67.44,69.986
67.54,69.961
67.64,69.936
67.74,69.911
67.84,69.886
67.94,69.861
68.04,69.835
68.14,69.81
68.24,69.785
68.34,69.759
68.44,69.734
68.54,69.708
68.64,69.682
68.74,69.657
68.84,69.631
68.94,69.605
69.04,69.579
69.14,69.553
69.24,69.527
69.34,69.501
69.44,69.475
69.54,69.449
69.64,69.423
69.74,69.397
69.84,69.37
69.94,69.344
70.04,69.317
70.14,69.291
70.24,69.264
70.34,69.238
70.44,69.211
70.54,69.184
70.64,69.157
70.74,69.13
70.84,69.104
70.94,69.077
71.04,69.049
71.14,69.022
71.24,68.995
71.34,68.968
71.44,68.941
71.54,68.913
71.64,68.886
71.74,68.858
71.84,68.831
71.94,68.803
72.04,68.775
72.14,68.748
72.24,68.72
72.34,68.692
72.44,68.664
72.54,68.636
72.64,68.608
72.74,68.58
72.84,68.552
72.94,68.523
73.04,68.495
73.14,68.466
73.24,68.438
73.34,68.409
73.44,68.381
73.54,68.352
73.64,68.323
73.74,68.295
73.84,68.266
73.94,68.237
74.04,68.208
74.14,68.179
74.24,68.15
74.34,68.12
74.44,68.091
74.54,68.062
74.64,68.032
74.74,68.003
74.84,67.973
74.94,67.944
75.04,67.914
75.14,67.884
75.24,67.854
75.34,67.824
75.44,67.794
75.54,67.764
75.64,67.734
75.74,67.704
75.84,67.674
75.94,67.643
76.04,67.613
76.14,67.582
76.24,67.552
76.34,67.521
76.44,67.49
76.54,67.46
76.64,67.429
76.74,67.398
76.84,67.367
76.94,67.336
77.04,67.305
77.14,67.273
77.24,67.242
77.34,67.211
77.44,67.179
77.54,67.148
77.64,67.116
77.74,67.084
77.84,67.053
77.94,67.021
78.04,66.989
78.14,66.957
78.24,66.925
78.34,66.892
78.44,66.86
78.54,66.828
78.64,66.795
78.74,66.763
78.84,66.73
78.94,66.698
79.04,66.665
79.14,66.632
79.24,66.599
79.34,66.566
79.44,66.533
79.54,66.5
79.64,66.467
79.74,66.434
79.84,66.4
79.94,66.367
80.04,66.333
80.14,66.3
80.24,66.266
80.34,66.232
80.44,66.198
80.54,66.164
80.64,66.13
80.74,66.096
80.84,66.062
80.94,66.027
81.04,65.993
81.14,65.959
81.24,65.924
81.34,65.889
81.44,65.855
81.54,65.82
81.64,65.785
81.74,65.75
81.84,65.715
81.94,65.679
82.04,65.644
82.14,65.609
82.24,65.573
82.34,65.538
82.44,65.502
82.54,65.466
82.64,65.43
82.74,65.395
82.84,65.359
82.94,65.322
83.04,65.286
83.14,65.25
83.24,65.214
83.34,65.177
83.44,65.14
83.54,65.104
83.64,65.067
83.74,65.03
83.84,64.993
83.94,64.956
84.04,64.919
84.14,64.882
84.24,64.844
84.34,64.807
84.44,64.769
84.54,64.732
84.64,64.694
84.74,64.656
84.84,64.618
84.94,64.58
85.04,64.542
85.14,64.504
85.24,64.465
85.34,64.427
85.44,64.388
85.54,64.35
85.64,64.311
85.74,64.272
85.84,64.233
85.94,64.194
86.04,64.155
86.14,64.116
86.24,64.076
86.34,64.037
86.44,63.997
86.54,63.958
86.64,63.918
86.74,63.878
86.84,63.838
86.94,63.798
87.04,63.758
87.14,63.717
87.24,63.677
87.34,63.636
87.44,63.596
87.54,63.555
87.64,63.514
87.74,63.473
87.84,63.432
87.94,63.391
88.04,63.349
88.14,63.308
88.24,63.266
88.34,63.225
88.44,63.183
88.54,63.141
88.64,63.099
88.74,63.057
88.84,63.015
88.94,62.972
89.04,62.93
89.14,62.887
89.24,62.845
89.34,62.802
89.44,62.759
89.54,62.716
89.64,62.673
89.74,62.63
89.84,62.586
89.94,62.543
90.04,62.499
90.14,62.455
90.24,62.411
90.34,62.367
90.44,62.323
90.54,62.279
90.64,62.235
90.74,62.19
90.84,62.146
90.94,62.101
91.04,62.056
91.14,62.011
91.24,61.966
91.34,61.921
91.44,61.875
91.54,61.83
91.64,61.784
91.74,61.738
91.84,61.692
91.94,61.646
92.04,61.6
92.14,61.554
92.24,61.508
92.34,61.461
92.44,61.414
92.54,61.368
92.64,61.321
92.74,61.274
92.84,61.226
92.94,61.179
93.04,61.132
93.14,61.084
93.24,61.036
93.34,60.988
93.44,60.94
93.54,60.892
93.64,60.844
93.74,60.796
93.84,60.747
93.94,60.698
94.04,60.649
94.14,60.6
94.24,60.551
94.34,60.502
94.44,60.453
94.54,60.403
94.64,60.353
94.74,60.304
94.84,60.254
94.94,60.203
95.04,60.153
95.14,60.103
95.24,60.052
95.34,60.001
95.44,59.951
95.54,59.9
95.64,59.848
95.74,59.797
95.84,59.746
95.94,59.694
96.04,59.642
96.14,59.59
96.24,59.538
96.34,59.486
96.44,59.434
96.54,59.381
96.64,59.329
96.74,59.276
96.84,59.223
96.94,59.17
97.04,59.116
97.14,59.063
97.24,59.009
97.34,58.956
97.44,58.902
97.54,58.847
97.64,58.793
97.74,58.739
97.84,58.684
97.94,58.629
98.04,58.575
98.14,58.52
98.24,58.464
98.34,58.409
98.44,58.353
98.54,58.298
98.64,58.242
98.74,58.186
98.84,58.129
98.94,58.073
99.04,58.016
99.14,57.96
99.24,57.903
99.34,57.846
99.44,57.788
99.54,57.731
99.64,57.673
99.74,57.616
99.84,57.558
99.94,57.5
100.04,57.441
100.14,57.383
100.24,57.324
100.34,57.265
100.44,57.206
100.54,57.147
100.64,57.088
100.74,57.028
100.84,56.968
100.94,56.908
101.04,56.848
101.14,56.788
101.24,56.728
101.34,56.667
101.44,56.606
101.54,56.545
101.64,56.484
101.74,56.422
101.84,56.361
101.94,56.299
102.04,56.237
102.14,56.175
102.24,56.112
102.34,56.05
102.44,55.987
102.54,55.924
102.64,55.861
102.74,55.798
102.84,55.734
102.94,55.67
103.04,55.607
103.14,55.542
103.24,55.478
103.34,55.414
103.44,55.349
103.54,55.284
103.64,55.219
103.74,55.153
103.84,55.088
103.94,55.022
104.04,54.956
104.14,54.89
104.24,54.824
104.34,54.757
104.44,54.69
104.54,54.623
104.64,54.556
104.74,54.489
104.84,54.421
104.94,54.353
105.04,54.285
105.14,54.217
105.24,54.148
105.34,54.08
105.44,54.011
105.54,53.942
105.64,53.872
105.74,53.803
105.84,53.733
105.94,53.663
106.04,53.593
106.14,53.522
106.24,53.451
106.34,53.38
106.44,53.309
106.54,53.238
106.64,53.166
106.74,53.095
106.84,53.022
106.94,52.95
107.04,52.878
107.14,52.805
107.24,52.732
107.34,52.659
107.44,52.585
107.54,52.512
107.64,52.438
107.74,52.363
107.84,52.289
107.94,52.214
108.04,52.14
108.14,52.064
108.24,51.989
108.34,51.913
108.44,51.838
108.54,51.762
108.64,51.685
108.74,51.609
108.84,51.532
108.94,51.455
109.04,51.377
109.14,51.3
109.24,51.222
109.34,51.144
109.44,51.065
109.54,50.987
109.64,50.908
109.74,50.829
109.84,50.75
109.94,50.67
110.04,50.59
110.14,50.51
110.24,50.43
110.34,50.349
110.44,50.268
110.54,50.187
110.64,50.105
110.74,50.024
110.84,49.942
110.94,49.859
111.04,49.777
111.14,49.694
111.24,49.611
111.34,49.528
111.44,49.444
111.54,49.36
111.64,49.276
111.74,49.192
111.84,49.107
111.94,49.022
112.04,48.937
112.14,48.851
112.24,48.765
112.34,48.679
112.44,48.593
112.54,48.506
112.64,48.419
112.74,48.332
112.84,48.244
112.94,48.157
113.04,48.069
113.14,47.98
113.24,47.891
113.34,47.803
113.44,47.713
113.54,47.624
113.64,47.534
113.74,47.444
113.84,47.353
113.94,47.263
114.04,47.171
114.14,47.08
114.24,46.989
114.34,46.897
114.44,46.804
114.54,46.712
114.64,46.619
114.74,46.526
114.84,46.432
114.94,46.339
115.04,46.244
115.14,46.15
115.24,46.055
115.34,45.96
115.44,45.865
115.54,45.769
115.64,45.673
115.74,45.577
115.84,45.481
115.94,45.384
116.04,45.287
116.14,45.189
116.24,45.091
116.34,44.993
116.44,44.894
116.54,44.796
116.64,44.696
116.74,44.597
116.84,44.497
116.94,44.397
117.04,44.297
117.14,44.196
117.24,44.095
117.34,43.993
117.44,43.891
117.54,43.789
117.64,43.687
117.74,43.584
117.84,43.481
117.94,43.377
118.04,43.274
118.14,43.169
118.24,43.065
118.34,42.96
118.44,42.855
118.54,42.749
118.64,42.644
118.74,42.537
118.84,42.431
118.94,42.324
119.04,42.217
119.14,42.109
119.24,42.001
119.34,41.893
119.44,41.784
119.54,41.675
119.64,41.566
119.74,41.456
119.84,41.346
119.94,41.235
120.04,41.125
120.14,41.013
120.24,40.902
120.34,40.79
120.44,40.678
120.54,40.565
120.64,40.452
120.74,40.339
120.84,40.225
120.94,40.111
121.04,39.997
121.14,39.882
121.24,39.767
121.34,39.651
121.44,39.535
121.54,39.419
121.64,39.302
121.74,39.185
121.84,39.068
121.94,38.95
122.04,38.832
122.14,38.714
122.24,38.595
122.34,38.475
122.44,38.356
122.54,38.236
122.64,38.115
122.74,37.994
122.84,37.873
122.94,37.752
123.04,37.63
123.14,37.507
123.24,37.385
123.34,37.262
123.44,37.138
123.54,37.014
123.64,36.89
123.74,36.765
123.84,36.64
123.94,36.515
124.04,36.389
124.14,36.263
124.24,36.136
124.34,36.009
124.44,35.882
124.54,35.754
124.64,35.626
124.74,35.497
124.84,35.368
124.94,35.239
125.04,35.109
125.14,34.979
125.24,34.849
125.34,34.718
125.44,34.586
125.54,34.455
125.64,34.322
125.74,34.19
125.84,34.057
125.94,33.924
126.04,33.79
126.14,33.656
126.24,33.521
126.34,33.386
126.44,33.251
126.54,33.115
126.64,32.979
126.74,32.843
126.84,32.706
126.94,32.568
127.04,32.431
127.14,32.293
127.24,32.154
127.34,32.015
127.44,31.876
127.54,31.736
127.64,31.596
127.74,31.455
127.84,31.314
127.94,31.173
128.04,31.031
128.14,30.889
128.24,30.746
128.34,30.603
128.44,30.46
128.54,30.316
128.64,30.172
128.74,30.027
128.84,29.882
128.94,29.737
129.04,29.591
129.14,29.445
129.24,29.298
129.34,29.151
129.44,29.004
129.54,28.856
129.64,28.708
129.74,28.559
129.84,28.41
129.94,28.261
130.04,28.111
130.14,27.961
130.24,27.81
130.34,27.659
130.44,27.508
130.54,27.356
130.64,27.204
130.74,27.051
130.84,26.898
130.94,26.745
131.04,26.591
131.14,26.437
131.24,26.283
131.34,26.128
131.44,25.972
131.54,25.817
131.64,25.66
131.74,25.504
131.84,25.347
131.94,25.19
132.04,25.032
132.14,24.874
132.24,24.716
132.34,24.557
132.44,24.398
132.54,24.238
132.64,24.078
132.74,23.918
132.84,23.757
132.94,23.596
133.04,23.435
133.14,23.273
133.24,23.11
133.34,22.948
133.44,22.785
133.54,22.622
133.64,22.458
133.74,22.294
133.84,22.13
133.94,21.965
134.04,21.8
134.14,21.634
134.24,21.468
134.34,21.302
134.44,21.136
134.54,20.969
134.64,20.801
134.74,20.634
134.84,20.467
134.94,20.302
135.04,20.139
135.14,19.981
135.24,19.827
135.34,19.678
135.44,19.534
135.54,19.397
135.64,19.265
135.74,19.14
135.84,19.02
135.94,18.906
136.04,18.798
136.14,18.696
136.24,18.598
136.34,18.505
136.44,18.417
136.54,18.332
136.64,18.251
136.74,18.174
136.84,18.1
136.94,18.027
137.04,17.956
137.14,17.886
137.24,17.817
137.34,17.749
137.44,17.682
137.54,17.615
137.64,17.548
137.74,17.482
137.84,17.416
137.94,17.35
138.04,17.284
138.14,17.218
138.24,17.152
138.34,17.087
138.44,17.021
138.54,16.955
138.64,16.89
138.74,16.824
138.84,16.758
138.94,16.693
139.04,16.627
139.14,16.561
139.24,16.496
139.34,16.43
139.44,16.364
139.54,16.298
139.64,16.232
139.74,16.166
139.84,16.1
139.94,16.034
140.04,15.968
140.14,15.902
140.24,15.836
140.34,15.77
140.44,15.704
140.54,15.637
140.64,15.571
140.74,15.505
140.84,15.438
140.94,15.372
141.04,15.306
141.14,15.239
141.24,15.173
141.34,15.106
141.44,15.04
141.54,14.973
141.64,14.906
141.74,14.84
141.84,14.773
141.94,14.706
142.04,14.639
142.14,14.572
142.24,14.505
142.34,14.439
142.44,14.372
142.54,14.305
142.64,14.238
142.74,14.17
142.84,14.103
142.94,14.036
143.04,13.969
143.14,13.902
143.24,13.835
143.34,13.767
143.44,13.7
143.54,13.633
143.64,13.565
143.74,13.498
143.84,13.43
143.94,13.363
144.04,13.295
144.14,13.228
144.24,13.16
144.34,13.092
144.44,13.025
144.54,12.957
144.64,12.889
144.74,12.822
144.84,12.754
144.94,12.686
145.04,12.618
145.14,12.55
145.24,12.482
145.34,12.414
145.44,12.346
145.54,12.278
145.64,12.21
145.74,12.142
145.84,12.074
145.94,12.006
146.04,11.938
146.14,11.869
146.24,11.801
146.34,11.733
146.44,11.665
146.54,11.596
146.64,11.528
146.74,11.46
146.84,11.391
146.94,11.323
147.04,11.254
147.14,11.186
147.24,11.117
147.34,11.048
147.44,10.98
147.54,10.911
147.64,10.843
147.74,10.774
147.84,10.705
147.94,10.636
148.04,10.568
148.14,10.499
148.24,10.43
148.34,10.361
148.44,10.292
148.54,10.223
148.64,10.154
148.74,10.086
148.84,10.017
148.94,9.9475
149.04,9.8785
149.14,9.8094
149.24,9.7403
149.34,9.6712
149.44,9.6021
149.54,9.5329
149.64,9.4637
149.74,9.3945
149.84,9.3253
149.94,9.256
150.04,9.1868
150.14,9.1174
150.24,9.0481
150.34,8.9788
150.44,8.9094
150.54,8.84
150.64,8.7706
150.74,8.7011
150.84,8.6316
150.94,8.5622
151.04,8.4926
151.14,8.4231
151.24,8.3536
151.34,8.284
151.44,8.2144
151.54,8.1448
151.64,8.0751
151.74,8.0055
151.84,7.9358
151.94,7.8661
152.04,7.7964
152.14,7.7266
152.24,7.6569
152.34,7.5871
152.44,7.5173
152.54,7.4475
152.64,7.3776
152.74,7.3078
152.84,7.2379
152.94,7.168
153.04,7.0981
153.14,7.0282
153.24,6.9582
153.34,6.8883
153.44,6.8183
153.54,6.7483
153.64,6.6783
153.74,6.6082
153.84,6.5382
153.94,6.4681
154.04,6.398
154.14,6.3279
154.24,6.2578
154.34,6.1877
154.44,6.1176
154.54,6.0474
154.64,5.9772
154.74,5.9071
154.84,5.8369
154.94,5.7666
155.04,5.6964
155.14,5.6262
155.24,5.5559
155.34,5.4857
155.44,5.4154
155.54,5.3451
155.64,5.2748
155.74,5.2045
155.84,5.1341
155.94,5.0638
156.04,4.9934
156.14,4.9231
156.24,4.8527
156.34,4.7823
156.44,4.7119
156.54,4.6415
156.64,4.5711
156.74,4.5006
156.84,4.4302
156.94,4.3597
157.04,4.2893
157.14,4.2188
157.24,4.1483
157.34,4.0778
157.44,4.0073
157.54,3.9368
157.64,3.8663
157.74,3.7958
157.84,3.7252
157.94,3.6547
158.04,3.5841
158.14,3.5136
158.24,3.443
158.34,3.3725
158.44,3.3019
158.54,3.2313
158.64,3.1607
158.74,3.0901
158.84,3.0195
158.94,2.9489
159.04,2.8783
159.14,2.8077
159.24,2.737
159.34,2.6664
159.44,2.5958
159.54,2.5251
159.64,2.4545
159.74,2.3839
159.84,2.3132
159.94,2.2426
160.04,2.1719
160.14,2.1012
160.24,2.0306
160.34,1.9599
160.44,1.8892
160.54,1.8186
160.64,1.7479
160.74,1.6772
160.84,1.6065
160.94,1.5359
161.04,1.4652
161.14,1.3945
161.24,1.3238
161.34,1.2531
161.44,1.1825
161.54,1.1118
161.64,1.0411
161.74,0.97042
161.84,0.89974
161.94,0.82906
162.04,0.75838
162.14,0.6877
162.24,0.61703
162.34,0.54635
162.44,0.47568
162.54,0.40501
162.64,0.33434
162.74,0.26367
162.84,0.19301
162.94,0.12234
